cv_fold,vmse,vr2
0,0.34912009783343806,0.810390617523681
1,0.47263291228619464,0.7586056439108595
2,0.43405294721968035,0.7347181068653232
3,0.3929197029494043,0.7719153478729684
4,0.3654357104133434,0.785364506970224
