cv_fold,vmse,vr2
0,0.46619437856145046,0.7595758442813461
1,0.5378011678143141,0.7147850010885084
2,0.5608994362683536,0.7191790115971634
3,0.5267043690333313,0.7259927570217453
4,0.5792255735009234,0.708325414752722
